block name,point 1,point 2,point 3,point 4,point 5,point 6,point 7,point 8,point 9,Sill,Coat 1 Cracking,Coat 1 Loss,Coat WGT SCR,SILL 2,Coat 4 Cracking,Coat4 Loss,Coat 4 WGT SCR,Cap Deterioration,Structural Cracking,Cracking Wall Junction,Out of Plane,Lintel Deteriration,Height,fireplace,foundation height,elev 1 foundation disp,ele 1 foundation mortar condition,foundation height 2,ele 2 foundation displ,ele 2 foundation mortar condition,Bracing,Wall Rank,Wall NRM SCR ,Wall WGT SCR,Total Scr
5701A,"1417.0776595936563, 877.7518421220883","1417.0776595961343, 905.8008588236042","1300.008805227207, 905.8008588236042","1300.008805227207, 833.8297370983848","1344.5706594575054, 833.8297370983848","1344.5706594545723, 876.8792359969665","1413.2594746208147, 877.1582332938997","1417.0776595936038, 877.1582332935623","1417.0776595961343, 905.8008588236042",3,3,4,3,3,3,3,6,1,1,0,1,0,5,2,7,0,3,0,0,0,0,52.00,0.32,320.00,433.00
5701B,"1559.4052872119878, 877.7518421318333","1417.077659586774, 877.7518421220883","1417.0776595961343, 905.8008588236042","1559.4052872081106, 906.3789591159461",,,,,,3,3,3,3,4,1,0,1,5,2,0,3,,5,1,5,0,2,0,,,0,6.00,0.60,600.00,714.00
5701C,"1559.4052872145166, 906.3789591159461","1604.4868558511466, 906.5620695102116","1604.4868558515905, 833.6209889139998","1567.6219755980514, 833.6209889139998","1567.6219755971201, 877.7852163269272","1559.4052872119878, 877.7518421318333","1559.4052872145166, 906.3789591159461",,,,,,,,,,,,,,,,,2,,,,,,,,,,,
5702A,"1677.9214436873199, 906.3861148123656","1791.6771374569246, 906.3861147900101","1791.6771374569246, 879.5860984675676","1677.9214436878985, 879.5860984899232","1677.9214436873199, 906.3861148123656",,,,,,1,1,1,,2,1,3,2,0,1,0,,5,2,5,0,2,0,,,0,55.00,0.32,320.00,413.67
5703A,"1982.1504504709826, 833.4814265877567","1982.1504504719146, 881.4049267001537","1988.6351104670282, 881.4049267010917","1988.6351104664889, 906.3861148164727","1817.1410132247306, 906.3861148127698","1817.1410132247306, 879.5860984684696","1940.9371613758944, 879.5860984645983","1940.9371613758944, 833.4814265877569","1982.1504504709826, 833.4814265877567",1,2,3,2,2,,,0,4,2,1,2,2,5,1,7,0,4,4,,,0,16.00,0.53,533.33,657.33
5703B,"1988.6351104460962, 906.3861148086263","1988.6351104670282, 881.4049267010917","2120.0382388948437, 881.4049267077039","2120.0382389451397, 906.386114824319","1988.6351104460962, 906.3861148086263",,,,,2,2,1,2,1,,,0,4,2,1,2,1,5,1,9,0,3,18,0,3,0,26.00,0.50,500.00,577.00
5703C,"2120.0382389451397, 906.386114824319","2238.6719528753074, 906.386114824319","2238.6719528753074, 881.404926712674","2120.0382389451397, 881.404926712674",,,,,,1,1,1,1,2,,,0,3,1,1,0,1,5,1,12,3,4,3,,,0,48.00,0.37,366.67,445.67
5704A,"2621.602531444822, 906.5620695211854","2621.602531444954, 875.3976962353413","2428.4215837112956, 875.3976962353413","2428.4215837068837, 906.5620695276097","2621.602531441409, 906.5620695369186",,,,,4,2,2,2,1,,,0,3,0,0,1,3,5,1,21,2,4,30,0,2,0,43.00,0.40,400.00,476.00
5704B,"2621.602531441409, 906.5620695211854","2779.761711848975, 906.5620695211854","2779.761711849106, 875.3976962360091","2621.602531442911, 875.3976962283878","2621.602531444822, 906.5620695369186",,,,,4,2,2,2,3,3,2,5,3,2,0,1,3,5,0,23,2,4,20,0,4,0,24.00,0.47,466.67,582.67
5705A,"2836.890007387077, 752.7741294033153","2873.597529259772, 752.7441294033154","2873.596610422489, 562.2038685539372","2836.889088550162, 562.2038685538632","2836.890007387077, 752.7741294033153",,,,,,2,1,2,,,,0,1,1,1,1,3,5,0,15,0,2,33,3,3,1,38.00,0.40,400.00,509.00
5705B,"2836.889088550162, 562.203868546067","2836.889088550162, 444.8486845246157","2873.85615996278, 444.8486845254944","2873.8561599625427, 562.2038685539379","2836.889088550162, 562.203868546067",,,,,2,2,2,2,1,,,0,3,2,1,0,2,5,0,16,1,2,33,1,3,0,35.00,0.43,433.33,527.33
5705C,"2836.889088530974, 487.0367163431788","2836.889088530974, 321.8579339226001","2873.856159965808, 321.8579339234788","2873.856159961777, 487.0367163440575","2836.889088549159, 487.0367163431788",,,,,,3,1,3,,,,0,5,2,2,0,3,5,0,23,1,2,32,2,2,0,11.00,0.57,566.67,678.33
5705D,"2873.856159966811, 321.8579339234787","2873.856159966812, 187.8009917645673","2836.764199794722, 187.8009917650867","2836.76419979164, 321.8579339225971","2873.856159966811, 321.8579339234787",,,,,1,2,2,2,2,,,0,2,1,1,1,3,5,0,21,1,1,33,0,2,1,36.00,0.43,433.33,521.33
5705E,"2873.856159966812, 187.80099176316622","2873.856159966812, 60.49531474410665","2836.76419980102, 60.49531474667374","2836.764199794722, 187.80099176368563","2873.856159969893, 187.80099176456733",,,,,,2,2,2,,,,0,3,1,0,3,2,5,0,25,0,0,33,0,1,1,31.00,0.47,466.67,556.33
5705F,"2836.76419980102, 18.307282929511715","2836.612142951291, -67.55600743236886","2873.856159974961, -67.62196353393483","2873.856159980909, 18.307282926944623","2836.764201251346, 18.307282926944623",,,,,,1,1,1,,0,0,0,1,3,,0,,1,0,17,1,1,34,5,3,0,61.00,0.25,250.00,348.33
5706A,"2481.4164665740864, -66.92698501191948","2349.323298927057, -66.62401445618889","2349.323298927057, -37.20760068287199","2481.4159501004788, -38.39811952007607","2481.4164665740864, -66.92698501191948",,,,,3,3,3,3,2,,,0,4,2,1,3,2,5,1,11,1,0,33,4,2,1,17.00,0.57,566.67,636.67
5706B,"2615.0734355203813, -67.18972118560245","2481.416415384886, -66.92698491129433","2481.4159501004788, -38.39811952007608","2569.1531219278995, -38.39811952007607","2569.127598169826, -36.95618711024403","2615.0866599647657, -36.956187110292376","2615.0734355203813, -67.18972118560245",,,4,3,3,3,4,,,0,3,1,1,1,4,5,1,10,1,1,32,0,2,0,25.00,0.50,500.00,582.00
5706C,"2615.0998844106534, -52.254591665053844","2615.0734355203813, -67.18972118560245","2744.833332350922, -67.39347468114292","2744.860142071934, -36.95618711069959","2615.0998844106534, -36.95618710988515",,,,,4,2,2,2,3,,,0,5,,1,1,3,5,0,16,1,3,32,0,3,1,13.00,0.60,600.00,666.00
5706D,"2744.860142071934, -36.95618711069959","2836.612142951291, -36.95618711069959","2836.612142951291, -67.55600743236884","2744.860142071934, -67.55600743236884",,,,,,3,2,2,2,3,1,0,1,5,0,,0,,5,0,14,1,2,34,2,1,0,28.00,0.50,500.00,564.00
5707A,"1818.6186328563658, -36.21499265851921","1717.9880364216378, -36.21499265569496","1717.9880364218886, -66.49728533534702","1818.6186328563658, -66.49728533451322","1818.6186328572157, -36.21499265851921",,,,,1,3,1,3,1,,,0,1,0,1,0,,1,2,8,0,2,23,4,3,0,65.00,0.12,120.00,155.00
5707B,"1818.6186328563658, -66.49728533451322","1818.6186328563658, -36.21499265851921","1983.2386484821684, -36.038476488356395","1983.2386484824208, -66.49728533314921",,,,,,5,1,1,1,3,,,0,5,2,1,1,5,5,1,0,,,24,0,3,0,8.00,0.63,633.33,701.33
5707C,"1983.2386484841097, -66.49728533312592","1983.2386484821684, -36.038476488356395","2160.225920291221, -36.03847648176989","2160.225920283534, -66.49728533168273",,,,,,5,2,0,2,4,1,3,4,4,1,1,1,1,5,1,5,0,0,26,2,4,0,34.00,0.43,433.33,541.33
5707D,"2160.225920283534, -66.49728533168273","2160.225920291221, -36.03847648176989","2238.774144060017, -36.03847649196577","2238.7741440602695, -66.49728533103189","2160.225920283534, -66.49728531120844",,,,,,3,4,3,,,,0,3,1,1,0,,1,2,12,0,2,27,5,2,0,62.00,0.24,240.00,338.33
5708A,"1296.9596755519328, -64.82940911797306","1296.9596755519328, -32.78456297491675","1344.5706594597145, -32.784562968687915","1344.5706594596945, -37.937710918849916","1513.5745382919556, -38.237002918678904","1513.5267661359433, -65.21293168354174",,,,4,2,2,2,3,1,1,2,5,3,1,0,1,5,1,7,0,1,19,2,3,0,20.00,0.50,500.00,616.00
5708B,"1513.5267661359371, -65.21293168354173","1513.5745382919142, -38.23700294201673","1568.8708631499994, -38.23700294180168","1568.870863150105, -65.37640719617775",,,,,,3,4,4,4,2,1,0,1,1,0,2,0,,2,0,9,0,3,20,1,2,0,64.00,0.20,200.00,291.00
5709A,"1172.783110127226, 64.60429422393429","1172.783110127226, 82.491562035502","1108.4610130410097, 82.49156203550189","1108.4610130407436, 63.50847130464311","1172.7831101272257, 63.50847130464311","1172.783110127226, 64.66429422393429",,,,,2,1,2,,,,0,1,0,0,0,,2,2,5,0,0,7,0,1,0,66.00,0.12,120.00,137.33
5709B,"1172.783110127226, 82.491562035502","1311.733359911605, 82.491562031777","1311.7333599055287, 56.8241117378784","1172.7831101272257, 56.8241117378784","1172.783110127226, 82.491562035502",,,,,,4,4,4,,,,0,4,2,5,1,,5,1,7,0,1,0,,,0,1.00,0.68,680.00,783.33
5710A,"1307.612030979479, 16.852491705079032","1307.6120309835846, 56.824111738301696","1311.7333599106737, 56.8241117378784","1311.733359911605, 82.491562031777","1299.111152706328, 82.4915620401589","1299.1075208805516, 320.2674031820518","1344.57065946109, 320.4324872146071","1344.5706594532207, 16.852491709914275","1307.612030979479, 16.852491705079032",,4,3,4,,,,0,3,0,2,0,,5,0,6,0,4,12,1,3,0,37.00,0.40,400.00,518.33
5710B,"1344.5706594599078, 16.852491716327805","1307.612030979479, 16.85249171149256","1307.6120309792857, -32.784562968543895","1344.5706594597145, -32.784562968687794","1344.5706594532207, 16.852491716327805",,,,,,4,1,4,,,,0,5,2,2,0,,5,2,0,,,8,0,3,0,12.00,0.56,560.00,672.67
5711A,"1164.933689299481, 319.7801962299501","1164.9339743207438, 358.2583174861717","1458.198518288862, 358.2583174861717","1458.1985182879298, 320.8450884060653","1164.933689299481, 319.7801962299501",,,,,,1,2,1,,1,1,2,2,0,1,1,,5,0,10,0,1,10,0,2,0,46.00,0.36,360.00,452.00
5712A,"1349.3303260809926, 485.75735138910625","1349.3303260813918, 523.9981815081414","1058.2437027466513, 523.9981815081414","1058.243702746252, 485.75735138910625","1349.3303260809926, 485.75735138910625",,,,,3,2,2,2,3,,,0,3,0,2,4,2,5,0,3,,,14,0,2,1,15.00,0.53,533.33,659.33
5712B,"1349.330326081515, 521.4755352763176","1604.4868558534758, 521.4755352763177","1604.486855853475, 523.9981814974658","1612.3537306503238, 523.9981814975137","1612.3537306580834, 485.75735139322126","1349.3303260809926, 485.75735138910625",,,,,2,2,2,,,,0,3,1,2,5,2,5,0,9,0,3,14,0,2,1,9.00,0.60,600.00,700.33
5712C,"1612.3537306503238, 523.9981814975137","1829.206195595283, 523.9981814975135","1829.206195595668, 485.7573513954054","1612.3537306580834, 485.75735139322126","1612.3537306580836, 523.9981814975137",,,,,,4,3,4,,3,3,6,1,2,2,5,3,5,0,4,,,20,3,3,1,3.00,0.60,600.00,742.67
5713A,"1300.008805227207, 833.8297370983848","1300.0088051884763, 523.9981815084902","1344.5706594786147, 523.9981815081414","1344.5706594575054, 833.8297370983848","1300.008805227207, 833.8297371039552",,,,,,3,2,3,,,,0,2,0,2,0,,5,0,3,,,1,,,0,42.00,0.36,360.00,479.33
5714A,"1567.6219755980514, 521.4755352783104","1567.6219755980514, 833.6209889137755","1604.4868558515905, 833.6209889139998","1604.4868558534758, 521.4755352763177","1567.6219755980514, 521.4755352762212",,,,,3,4,3,4,1,,,0,3,1,1,2,,5,0,3,,,5,0,2,0,30.00,0.48,480.00,557.00
5715A,"1568.870863148603, 320.8450884097217","1568.8711402596637, 358.25532538492934","1605.8379345721437, 358.25532538492945","1605.8379345721437, 30.38856211616327","1568.8708631497327, 30.3885621160195","1568.870863148603, 320.8450884097217",,,,,3,1,3,,1,0,1,3,0,0,3,,5,0,10,0,4,12,1,3,1,29.00,0.44,440.00,557.67
5715B,"1605.8379345810026, 30.388562109749742","1605.8379345826202, -65.37640719617775","1568.870863150105, -65.37640719617775","1568.870863150105, 30.388562109749756","1605.8379345810026, 30.388562110374153",,,,,1,3,2,3,1,1,0,1,1,0,0,2,,2,0,13,0,4,21,1,4,0,63.00,0.20,200.00,296.00
5716A,"1717.9880364235626, 32.36877748885706","1676.7747473087961, 32.36877748841084","1676.7747472785245, 358.25532538576323","1717.9880364352232, 358.2553253840957","1717.9880364383437, 32.36877748885706","1676.7747473087961, 32.36877748452838",,,,,4,2,4,,2,1,3,3,1,0,1,,5,0,10,0,2,18,5,3,0,41.00,0.40,400.00,497.67
5716B,"1717.9880364235626, 32.368777482443534","1676.7747473087961, 32.36877748199731","1676.7747473098666, -66.4972853356885","1717.988036420788, -66.4972853356885","1717.9880364235626, 32.368777482443534",,,,,1,5,1,5,2,,,0,1,1,0,1,,5,0,21,3,2,10,2,4,0,56.00,0.32,320.00,409.00
5717A,"1719.13473277983, 693.101307278761","1677.9214436766556, 693.1013072768816","1677.921443713304, 879.5860984899232","1719.1347327713252, 879.5860984768805","1719.13473277983, 693.101307274623",,,,,5,3,3,3,3,1,0,1,2,1,1,3,,5,0,3,,,7,0,3,1,19.00,0.48,480.00,623.00
5717B,"1677.9214436766556, 693.1013072768816","1719.13473277983, 693.101307278761","1719.13473277983, 523.9981814975137","1677.9214436673888, 523.9981815108185","1677.9214436766556, 693.1013072768816",,,,,,4,1,4,,,,0,3,3,1,4,,5,0,2,,,8,1,3,1,5.00,0.64,640.00,723.33
5718A,"1847.998029423437, 320.5921798952946","1847.998308392566, 358.2532577833373","1987.4867138224781, 358.2522245426232","1987.549061657543, 321.5264139972453","1847.998029423437, 320.5921798952946",,,,,,1,2,1,,,,0,2,0,0,2,,5,0,20,0,2,20,0,1,0,47.00,0.36,360.00,446.00
5718B,"2252.053374506608, 321.6913610278422","1987.4864417804224, 321.5263076901628","1987.4867138224781, 358.2522245426232","2252.053645311538, 358.2502648003467","2252.053374506608, 321.6913610278422",,,,,,2,2,2,,,,0,2,2,1,3,2,5,0,15,1,2,18,1,3,1,22.00,0.50,500.00,605.00
5718C,"2458.1076358008017, 320.7821120396495","2349.325950670398, 320.7829178182785","2310.335400588005, 321.71122649787867","2252.053374506608, 321.6913610278422","2252.053645311538, 358.2502648003467","2458.1076358008017, 358.2502648003467","2458.1073582629356, 320.7821120417052",,,,2,1,2,,1,1,2,2,1,1,1,3,5,0,17,3,3,23,0,3,0,27.00,0.43,433.33,570.00
5719A,"1940.9371613758944, 833.4814265877569","1940.9371613785083, 522.2248678092001","1982.1504504649297, 522.2248678040778","1982.1504504709826, 833.4814265877567","1940.9371613744527, 833.4814265890457",,,,,,3,3,3,,,,0,3,2,3,2,,5,0,10,0,1,10,0,3,0,7.00,0.60,600.00,711.67
5720A,"1936.0438023443683, -36.089081838258714","1936.0438023822776, 320.5921798889622","1977.2570914562189, 321.5089417603886","1977.2570914790078, -36.038476488916785","1936.0438023443683, -36.089081838258714",,,,,,3,2,3,,,,0,3,0,1,0,,5,0,40,1,4,22,2,3,0,44.00,0.36,360.00,465.00
5721A,"2238.671952883974, 727.8345746239573","2238.6719528753074, 881.4049267126741","2202.7039914867255, 881.4049267126741","2202.7039914867255, 727.8345746239573","2238.671952883974, 727.8345746261809",,,,,3,2,2,2,3,1,0,1,3,1,1,1,,5,0,10,0,3,13,1,4,0,33.00,0.44,440.00,545.00
5721B,"2202.7039914932684, 727.8345746239573","2238.671952883974, 727.8345746239573","2238.671952883974, 522.2248678086253","2202.7039915028654, 522.2248678086253","2202.7039915028654, 727.8345746239573",,,,,,4,3,4,,1,1,2,3,2,,2,,5,0,10,0,3,9,0,2,1,4.00,0.60,600.00,736.00
5722A,"2215.00735094846, 321.6682494100258","2238.774144066012, 321.6682494100258","2238.774144066012, 42.432960279665906","2215.00735094846, 42.432960279665906",,,,,,,3,2,3,,1,0,1,4,0,2,2,,5,0,14,0,3,23,0,1,0,21.00,0.52,520.00,606.00
5722B,"2215.007350948459, 42.43296027966605","2215.007350948459, -36.03847648762693","2238.7741440601435, -36.03847649321935","2238.774144066011, 42.43296027966602","2215.007350948459, 42.43296027966605",,,,,1,3,3,3,2,2,1,3,3,0,0,1,,5,0,16,1,2,31,3,3,0,49.00,0.36,360.00,444.00
5723A,"2312.1065407379665, 688.5748566360771","2312.1065407411725, 844.2439956661856","2349.073612143329, 844.2439956660874","2349.073612142915, 688.5748566360771","2312.1065407379665, 688.5748566368385",,,,,5,3,1,3,4,2,1,3,1,1,,4,,5,0,10,0,4,15,0,4,1,13.00,0.55,550.00,666.00
5723B,"2312.1065407337887, 485.75735140026904","2312.1065407379665, 688.5748566360771","2349.073612142915, 688.5748566359789","2349.0736121449577, 485.75735140064137","2312.1065407337887, 485.75735140140284",,,,,,4,3,4,,,,0,2,0,0,2,,5,0,9,0,3,16,0,4,0,51.00,0.36,360.00,435.67
5724A,"2337.2853758964507, -66.62401445618889","2310.3354005931274, -66.62401445618889","2310.335400588005, 321.71122649787867","2349.325950670398, 320.7829178182785","2349.323298927057, -37.20760068287199","2349.323298927057, -66.62401445618889","2337.2853758964507, -66.62401445618889",,,,3,3,3,,,,0,4,2,0,1,,5,0,30,2,2,23,2,1,1,23.00,0.48,480.00,592.67
5725A,"2349.073612144563, 524.9724204252561","2574.622703374024, 524.9724204324134","2574.622703374419, 485.7573514029132","2349.0736121449577, 485.75735140064137","2349.07361214248, 524.9724204252561",,,,,,3,3,3,,,,0,4,1,0,3,2,5,0,14,0,2,23,0,2,1,18.00,0.50,500.00,632.67
5725B,"2616.335547506203, 485.75735140333325","2616.33554748924, 522.2248678199102","2836.889088550243, 522.2248678203558","2836.8890885292876, 485.7573514055548",,,,,,,2,1,2,,,,0,2,1,1,1,0,5,0,15,0,2,28,0,2,0,50.00,0.33,333.33,440.33
5726A,"2725.933550674543, 321.8528833912718","2514.4172571628174, 320.7816949373638","2514.417534691575, 358.2483213767941","2725.933550674543, 358.2483213767941","2725.93355067454, 321.8528833912718",,,,,,1,3,1,,3,1,4,1,1,,1,,2,0,22,0,1,20,0,3,0,58.00,0.25,250.00,376.33
5727A,"2574.622703374024, 524.9724204266531","2574.622703362904, 875.3976962441666","2616.3355475022786, 875.397696235319","2616.335547506203, 485.75735140333325","2574.6227033739706, 485.75735140333325","2574.6227033737277, 524.9724204266531",,,,,3,2,3,,,,0,3,0,0,0,,5,0,20,0,3,18,0,3,0,54.00,0.32,320.00,419.33
5728A,"2569.1275981680396, 20.352480964697776","2615.086659967466, 20.35248096290566","2615.086659967466, 126.47455022853","2569.127598164732, 126.47455022852859","2569.127598160594, 20.352480964697776",,,,,,4,0,4,,,,0,2,,0,1,,2,0,20,0,1,15,2,3,0,53.00,0.25,250.00,421.00
5728B,"2569.1275981680396, 20.352480964697776","2568.972758797659, -36.95618711024403","2615.0866599652304, -36.95618711024403","2615.0866599686397, 20.35248096290566","2569.1277423021284, 20.43387043922202",,,,,,4,2,4,,,,0,2,0,0,0,,5,0,16,0,2,29,1,1,1,60.00,0.28,280.00,359.33
5729A,"2616.33554750332, 771.9898012230259","2751.202490598671, 771.9898012230259","2751.199644860834, 752.771413788957","2616.3355475153185, 752.7714138042124","2616.3355475153185, 771.9898012230259",,,,,,2,1,2,,,,0,4,0,1,1,,5,1,19,1,4,12,0,2,1,40.00,0.44,440.00,503.00
5729B,"2751.202490598671, 771.9898012232018","2873.856159955004, 771.9898012261172","2873.856159955004, 752.7569318568427","2751.199644860834, 752.771413788957","2751.202490598671, 771.9898012232018",,,,,2,2,1,2,,2,0,2,2,1,0,2,,5,2,18,0,4,21,1,3,1,45.00,0.40,400.00,462.67
5730A,"2615.0866599652313, 87.00940327389185","2763.4448802477077, 87.00940327389185","2763.4448802477077, 70.54257593546924","2615.0866599652313, 70.54257593546924",,,,,,,1,0,1,,1,1,2,2,0,1,0,,5,1,20,1,1,29,1,4,1,57.00,0.32,320.00,380.33
5731A,"2836.889088531977, 358.2459327141841","2725.927349238719, 358.2459327141841","2725.9397521103638, 321.8579339230395","2836.889088531977, 321.8579339230395","2836.889358070952, 358.2459327121876",,,,,,2,0,2,,,,0,5,1,2,2,,5,0,23,0,1,20,0,2,0,10.00,0.60,600.00,694.67
5732A,"1872.4749004089767, 485.7573513958413","1872.4749004086702, 522.224867808625","2094.2787287291894, 522.224867808625","2094.2787287295564, 485.75735139807523","1872.4749004089767, 485.75735139621247",,,,,,3,2,3,,2,1,3,1,1,2,2,,5,0,7,,0,18,1,,0,32.00,0.44,440.00,555.67
5735A,"369.4810130896269, -42.39719280078134","369.4810130900969, -64.37761364932457","388.46414021115584, -64.37761364932457","388.46414021115584, -4.054558245966575","369.481013089302, -4.054558245966554","369.48101309606386, -42.39719280078134",,,,,4,2,4,,4,3,7,,2,1,1,,2,0,,,,4,,,0,59.00,0.30,300.00,372.00
5740A,"380.285903673956, 931.2243860642986","380.2859036744528, 882.7787030076631","398.769439373292, 882.7787030076631","398.7694393763709, 931.2243860642984","380.285903673956, 931.224386062846",,,,,,4,2,4,,,,0,,,1,3,,2,0,0,,,0,,,0,38.00,0.40,400.00,509.00
5740B,"380.2859036744535, 882.7787030076634","577.2546465623354, 882.7787030076634","577.2546465623354, 863.9456378407767","380.2859036744535, 863.9456378407767",,,,,,,4,4,4,,5,5,10,3,3,3,5,,2,0,,,,,,,0,2.00,0.64,640.00,761.67